SMM4H2022ykI8vN7jZYnV57AM	nerves	10029177
SMM4H2022ykI8vN7jZYnV57AM	muscle spasms	10028334
SMM4H2022uCZV2SRsCe4vzjFm	gaining	10047896
SMM4H2022uCZV2SRsCe4vzjFm	gain like 50 pounds	10047896
SMM4H20229Aha6m4XERqYdFWf	frontal headache	10019211
SMM4H2022UAvDTQWOIacvBkzp	sick	10016365
SMM4H2022UAvDTQWOIacvBkzp	migraine	10027599
SMM4H2022UAvDTQWOIacvBkzp	puke	10047700
SMM4H2022UAvDTQWOIacvBkzp	shakes	10040528
SMM4H2022qNHntuJnkevkahGr	sleep	10041017
SMM4H2022qNHntuJnkevkahGr	stomach is a cement mixer	10042113
SMM4H2022a2hde3adQrDE2HIV	passing out	10041349
